[{"id":"1","imie_pierwsze":"Adam","imie_drugie":"Adam","nazwisko":"Abramowicz","plec":"M","klub_id":"2","data_urodzenia":"1961-03-10"},{"id":"1127","imie_pierwsze":"El\u017cbieta","imie_drugie":"El\u017cbieta","nazwisko":"","plec":"K","klub_id":"1","data_urodzenia":"1957-06-08"},{"id":"2","imie_pierwsze":"Ma\u0142gorzata","imie_drugie":"Ma\u0142gorzata","nazwisko":"Adamczak","plec":"K","klub_id":"1","data_urodzenia":"1971-03-27"},{"id":"3","imie_pierwsze":"Andrzej","imie_drugie":"Andrzej","nazwisko":"Adamczyk","plec":"M","klub_id":"2","data_urodzenia":"1959-01-04"},{"id":"4","imie_pierwsze":"Romuald","imie_drugie":"Romuald","nazwisko":"Ajchler","plec":"M","klub_id":"4","data_urodzenia":"1949-01-19"},{"id":"5","imie_pierwsze":"Leszek","imie_drugie":"Leszek","nazwisko":"Aleksandrzak","plec":"M","klub_id":"4","data_urodzenia":"1958-08-08"},{"id":"6","imie_pierwsze":"Waldemar","imie_drugie":"Waldemar","nazwisko":"Andzel","plec":"M","klub_id":"2","data_urodzenia":"1971-09-17"},{"id":"7","imie_pierwsze":"Dorota","imie_drugie":"Dorota","nazwisko":"Arciszewska-Mielewczyk","plec":"K","klub_id":"2","data_urodzenia":"1968-02-16"},{"id":"8","imie_pierwsze":"Jan","imie_drugie":"Jan","nazwisko":"Ardanowski","plec":"M","klub_id":"2","data_urodzenia":"1961-02-11"},{"id":"9","imie_pierwsze":"Iwona","imie_drugie":"Iwona","nazwisko":"Arent","plec":"K","klub_id":"2","data_urodzenia":"1968-06-04"},{"id":"10","imie_pierwsze":"Tadeusz","imie_drugie":"Tadeusz","nazwisko":"Arkit","plec":"M","klub_id":"1","data_urodzenia":"1955-11-10"},{"id":"11","imie_pierwsze":"Bartosz","imie_drugie":"Bartosz","nazwisko":"Ar\u0142ukowicz","plec":"M","klub_id":"1","data_urodzenia":"1971-12-30"},{"id":"12","imie_pierwsze":"Pawe\u0142","imie_drugie":"Pawe\u0142","nazwisko":"Arndt","plec":"M","klub_id":"1","data_urodzenia":"1954-01-21"},{"id":"13","imie_pierwsze":"Marek","imie_drugie":"Marek","nazwisko":"Ast","plec":"M","klub_id":"2","data_urodzenia":"1958-09-27"},{"id":"14","imie_pierwsze":"Urszula","imie_drugie":"Urszula","nazwisko":"Augustyn","plec":"K","klub_id":"1","data_urodzenia":"1964-09-01"},{"id":"15","imie_pierwsze":"Tadeusz","imie_drugie":"Tadeusz","nazwisko":"Aziewicz","plec":"M","klub_id":"1","data_urodzenia":"1960-10-31"},{"id":"16","imie_pierwsze":"Zbigniew","imie_drugie":"Zbigniew","nazwisko":"Babalski","plec":"M","klub_id":"2","data_urodzenia":"1953-04-27"},{"id":"17","imie_pierwsze":"Piotr","imie_drugie":"Piotr","nazwisko":"Babinetz","plec":"M","klub_id":"2","data_urodzenia":"1969-09-09"},{"id":"18","imie_pierwsze":"Marek","imie_drugie":"Marek","nazwisko":"Balt","plec":"M","klub_id":"4","data_urodzenia":"1973-04-08"},{"id":"19","imie_pierwsze":"Maciej","imie_drugie":"Maciej","nazwisko":"Banaszak","plec":"M","klub_id":"5","data_urodzenia":"1975-06-13"},{"id":"20","imie_pierwsze":"Anna","imie_drugie":"Anna","nazwisko":"Ba\u0144kowska","plec":"K","klub_id":"4","data_urodzenia":"1946-04-30"},{"id":"21","imie_pierwsze":"Barbara","imie_drugie":"Barbara","nazwisko":"Bartu\u015b","plec":"K","klub_id":"2","data_urodzenia":"1967-07-03"},{"id":"22","imie_pierwsze":"Piotr","imie_drugie":"Piotr","nazwisko":"Bau\u0107","plec":"M","klub_id":"5","data_urodzenia":"1960-06-29"},{"id":"23","imie_pierwsze":"Dariusz","imie_drugie":"Dariusz","nazwisko":"B\u0105k","plec":"M","klub_id":"2","data_urodzenia":"1958-01-04"},{"id":"24","imie_pierwsze":"W\u0142odzimierz","imie_drugie":"W\u0142odzimierz","nazwisko":"Bernacki","plec":"M","klub_id":"2","data_urodzenia":"1960-02-17"},{"id":"25","imie_pierwsze":"Andrzej","imie_drugie":"Andrzej","nazwisko":"B\u0119tkowski","plec":"M","klub_id":"2","data_urodzenia":"1951-12-28"},{"id":"26","imie_pierwsze":"Robert","imie_drugie":"Robert","nazwisko":"Biedro\u0144","plec":"M","klub_id":"5","data_urodzenia":"1976-04-13"},{"id":"27","imie_pierwsze":"Marek","imie_drugie":"Marek","nazwisko":"Biernacki","plec":"M","klub_id":"1","data_urodzenia":"1959-04-28"},{"id":"28","imie_pierwsze":"Andrzej","imie_drugie":"Andrzej","nazwisko":"Biernat","plec":"M","klub_id":"1","data_urodzenia":"1960-08-11"},{"id":"29","imie_pierwsze":"Leszek","imie_drugie":"Leszek","nazwisko":"Blanik","plec":"M","klub_id":"1","data_urodzenia":"1977-03-01"},{"id":"30","imie_pierwsze":"Mariusz","imie_drugie":"Mariusz","nazwisko":"B\u0142aszczak","plec":"M","klub_id":"2","data_urodzenia":"1969-09-19"},{"id":"31","imie_pierwsze":"Joanna","imie_drugie":"Joanna","nazwisko":"Bobowska","plec":"K","klub_id":"1","data_urodzenia":"1967-04-17"},{"id":"32","imie_pierwsze":"Bart\u0142omiej","imie_drugie":"Bart\u0142omiej","nazwisko":"Bodio","plec":"M","klub_id":"5","data_urodzenia":"1972-08-24"},{"id":"33","imie_pierwsze":"Jacek","imie_drugie":"Jacek","nazwisko":"Bogucki","plec":"M","klub_id":"6","data_urodzenia":"1959-02-13"},{"id":"34","imie_pierwsze":"Edmund","imie_drugie":"Edmund","nazwisko":"Borawski","plec":"M","klub_id":"3","data_urodzenia":"1946-04-17"},{"id":"35","imie_pierwsze":"Jerzy","imie_drugie":"Jerzy","nazwisko":"Borkowski","plec":"M","klub_id":"5","data_urodzenia":"1957-08-29"},{"id":"36","imie_pierwsze":"Krzysztof","imie_drugie":"Krzysztof","nazwisko":"Borkowski","plec":"M","klub_id":"3","data_urodzenia":"1964-08-10"},{"id":"37","imie_pierwsze":"Jerzy","imie_drugie":"Jerzy","nazwisko":"Borowczak","plec":"M","klub_id":"1","data_urodzenia":"1957-11-15"},{"id":"38","imie_pierwsze":"\u0141ukasz","imie_drugie":"\u0141ukasz","nazwisko":"Borowiak","plec":"M","klub_id":"1","data_urodzenia":"1975-04-11"},{"id":"39","imie_pierwsze":"Artur","imie_drugie":"Artur","nazwisko":"Bramora","plec":"M","klub_id":"5","data_urodzenia":"1972-10-10"},{"id":"40","imie_pierwsze":"Krzysztof","imie_drugie":"Krzysztof","nazwisko":"Brejza","plec":"M","klub_id":"1","data_urodzenia":"1983-05-16"},{"id":"41","imie_pierwsze":"Joachim","imie_drugie":"Joachim","nazwisko":"Brudzi\u0144ski","plec":"M","klub_id":"2","data_urodzenia":"1968-02-04"},{"id":"42","imie_pierwsze":"Jacek","imie_drugie":"Jacek","nazwisko":"Brzezinka","plec":"M","klub_id":"1","data_urodzenia":"1966-08-30"},{"id":"43","imie_pierwsze":"Beata","imie_drugie":"Beata","nazwisko":"Bublewicz","plec":"K","klub_id":"1","data_urodzenia":"1975-02-26"},{"id":"44","imie_pierwsze":"Barbara","imie_drugie":"Barbara","nazwisko":"Bubula","plec":"K","klub_id":"2","data_urodzenia":"1963-03-04"},{"id":"45","imie_pierwsze":"Borys","imie_drugie":"Borys","nazwisko":"Budka","plec":"M","klub_id":"1","data_urodzenia":"1978-03-11"},{"id":"46","imie_pierwsze":"Jerzy","imie_drugie":"Jerzy","nazwisko":"Budnik","plec":"M","klub_id":"1","data_urodzenia":"1951-05-30"},{"id":"47","imie_pierwsze":"Bo\u017cenna","imie_drugie":"Bo\u017cenna","nazwisko":"Bukiewicz","plec":"K","klub_id":"1","data_urodzenia":"1952-02-14"},{"id":"48","imie_pierwsze":"Andrzej","imie_drugie":"Andrzej","nazwisko":"Bu\u0142a","plec":"M","klub_id":"1","data_urodzenia":"1965-08-28"},{"id":"49","imie_pierwsze":"Jan","imie_drugie":"Jan","nazwisko":"Bury","plec":"M","klub_id":"3","data_urodzenia":"1963-10-01"},{"id":"50","imie_pierwsze":"Renata","imie_drugie":"Renata","nazwisko":"Butryn","plec":"K","klub_id":"1","data_urodzenia":"1959-05-31"},{"id":"51","imie_pierwsze":"Jan","imie_drugie":"Jan","nazwisko":"Cedzy\u0144ski","plec":"M","klub_id":"5","data_urodzenia":"1961-02-28"},{"id":"52","imie_pierwsze":"Jaros\u0142aw","imie_drugie":"Jaros\u0142aw","nazwisko":"Char\u0142ampowicz","plec":"M","klub_id":"1","data_urodzenia":"1969-12-19"},{"id":"53","imie_pierwsze":"Zbigniew","imie_drugie":"Zbigniew","nazwisko":"Chmielowiec","plec":"M","klub_id":"2","data_urodzenia":"1954-09-22"},{"id":"54","imie_pierwsze":"Piotr","imie_drugie":"Piotr","nazwisko":"Chmielowski","plec":"M","klub_id":"5","data_urodzenia":"1965-04-27"},{"id":"55","imie_pierwsze":"Ma\u0142gorzata","imie_drugie":"Ma\u0142gorzata","nazwisko":"Chomycz","plec":"K","klub_id":"1","data_urodzenia":"1978-01-27"},{"id":"56","imie_pierwsze":"Janusz","imie_drugie":"Janusz","nazwisko":"Cicho\u0144","plec":"M","klub_id":"1","data_urodzenia":"1957-01-07"},{"id":"57","imie_pierwsze":"Piotr","imie_drugie":"Piotr","nazwisko":"Cie\u015bli\u0144ski","plec":"M","klub_id":"1","data_urodzenia":"1978-08-08"},{"id":"58","imie_pierwsze":"Marian","imie_drugie":"Marian","nazwisko":"Cyco\u0144","plec":"M","klub_id":"1","data_urodzenia":"1940-07-17"},{"id":"59","imie_pierwsze":"Barbara","imie_drugie":"Barbara","nazwisko":"Czaplicka","plec":"K","klub_id":"1","data_urodzenia":"1948-11-22"},{"id":"60","imie_pierwsze":"Witold","imie_drugie":"Witold","nazwisko":"Czarnecki","plec":"M","klub_id":"2","data_urodzenia":"1953-04-12"},{"id":"61","imie_pierwsze":"Arkadiusz","imie_drugie":"Arkadiusz","nazwisko":"Czartoryski","plec":"M","klub_id":"2","data_urodzenia":"1966-04-14"},{"id":"62","imie_pierwsze":"Czes\u0142aw","imie_drugie":"Czes\u0142aw","nazwisko":"Czechyra","plec":"M","klub_id":"1","data_urodzenia":"1954-01-12"},{"id":"63","imie_pierwsze":"Jacek","imie_drugie":"Jacek","nazwisko":"Czerniak","plec":"M","klub_id":"4","data_urodzenia":"1964-08-30"},{"id":"64","imie_pierwsze":"Zofia","imie_drugie":"Zofia","nazwisko":"Czernow","plec":"K","klub_id":"1","data_urodzenia":"1950-09-30"},{"id":"65","imie_pierwsze":"Andrzej","imie_drugie":"Andrzej","nazwisko":"Czerwi\u0144ski","plec":"M","klub_id":"1","data_urodzenia":"1954-11-08"},{"id":"66","imie_pierwsze":"Edward","imie_drugie":"Edward","nazwisko":"Czesak","plec":"M","klub_id":"2","data_urodzenia":"1951-02-22"},{"id":"67","imie_pierwsze":"Eugeniusz","imie_drugie":"Eugeniusz","nazwisko":"Czykwin","plec":"M","klub_id":"4","data_urodzenia":"1949-09-12"},{"id":"68","imie_pierwsze":"Alicja","imie_drugie":"Alicja","nazwisko":"D\u0105browska","plec":"K","klub_id":"1","data_urodzenia":"1956-06-28"},{"id":"69","imie_pierwsze":"Andrzej","imie_drugie":"Andrzej","nazwisko":"D\u0105browski","plec":"M","klub_id":"3","data_urodzenia":"1972-12-25"},{"id":"70","imie_pierwsze":"Andrzej","imie_drugie":"Andrzej","nazwisko":"Dera","plec":"M","klub_id":"6","data_urodzenia":"1961-09-10"},{"id":"71","imie_pierwsze":"Artur","imie_drugie":"Artur","nazwisko":"D\u0119bski","plec":"M","klub_id":"5","data_urodzenia":"1969-12-26"},{"id":"72","imie_pierwsze":"Leszek","imie_drugie":"Leszek","nazwisko":"Dobrzy\u0144ski","plec":"M","klub_id":"2","data_urodzenia":"1967-06-05"},{"id":"73","imie_pierwsze":"Zbigniew","imie_drugie":"Zbigniew","nazwisko":"Dolata","plec":"M","klub_id":"2","data_urodzenia":"1965-12-01"},{"id":"74","imie_pierwsze":"Marek","imie_drugie":"Marek","nazwisko":"Domaracki","plec":"M","klub_id":"5","data_urodzenia":"1964-10-11"},{"id":"75","imie_pierwsze":"Ludwik","imie_drugie":"Ludwik","nazwisko":"Dorn","plec":"M","klub_id":"6","data_urodzenia":"1954-06-05"},{"id":"76","imie_pierwsze":"Ewa","imie_drugie":"Ewa","nazwisko":"Drozd","plec":"K","klub_id":"1","data_urodzenia":"1963-10-08"},{"id":"77","imie_pierwsze":"Andrzej","imie_drugie":"Andrzej","nazwisko":"Duda","plec":"M","klub_id":"2","data_urodzenia":"1972-05-16"},{"id":"78","imie_pierwsze":"Artur","imie_drugie":"Artur","nazwisko":"Dunin","plec":"M","klub_id":"1","data_urodzenia":"1969-03-10"},{"id":"79","imie_pierwsze":"Zenon","imie_drugie":"Zenon","nazwisko":"Durka","plec":"M","klub_id":"1","data_urodzenia":"1958-10-21"},{"id":"80","imie_pierwsze":"Dariusz","imie_drugie":"Dariusz","nazwisko":"Dziadzio","plec":"M","klub_id":"5","data_urodzenia":"1975-02-25"},{"id":"81","imie_pierwsze":"Jan","imie_drugie":"Jan","nazwisko":"Dziedziczak","plec":"M","klub_id":"2","data_urodzenia":"1981-08-03"},{"id":"82","imie_pierwsze":"Janusz","imie_drugie":"Janusz","nazwisko":"Dzi\u0119cio\u0142","plec":"M","klub_id":"1","data_urodzenia":"1953-12-11"},{"id":"83","imie_pierwsze":"Waldy","imie_drugie":"Waldy","nazwisko":"Dzikowski","plec":"M","klub_id":"1","data_urodzenia":"1959-07-23"},{"id":"84","imie_pierwsze":"Tadeusz","imie_drugie":"Tadeusz","nazwisko":"Dziuba","plec":"M","klub_id":"2","data_urodzenia":"1948-12-17"},{"id":"85","imie_pierwsze":"Wincenty","imie_drugie":"Wincenty","nazwisko":"Elsner","plec":"M","klub_id":"5","data_urodzenia":"1955-01-03"},{"id":"86","imie_pierwsze":"Joanna","imie_drugie":"Joanna","nazwisko":"Fabisiak","plec":"K","klub_id":"1","data_urodzenia":"1950-07-07"},{"id":"87","imie_pierwsze":"Jacek","imie_drugie":"Jacek","nazwisko":"Falfus","plec":"M","klub_id":"2","data_urodzenia":"1951-02-01"},{"id":"88","imie_pierwsze":"Jerzy","imie_drugie":"Jerzy","nazwisko":"Fedorowicz","plec":"M","klub_id":"1","data_urodzenia":"1947-10-29"},{"id":"89","imie_pierwsze":"Arkady","imie_drugie":"Arkady","nazwisko":"Fiedler","plec":"M","klub_id":"1","data_urodzenia":"1945-03-23"},{"id":"90","imie_pierwsze":"Anna","imie_drugie":"Anna","nazwisko":"Fotyga","plec":"K","klub_id":"2","data_urodzenia":"1957-01-12"},{"id":"91","imie_pierwsze":"Krzysztof","imie_drugie":"Krzysztof","nazwisko":"Gadowski","plec":"M","klub_id":"1","data_urodzenia":"1962-08-14"},{"id":"92","imie_pierwsze":"Ryszard","imie_drugie":"Ryszard","nazwisko":"Galla","plec":"M","klub_id":"7","data_urodzenia":"1956-07-22"},{"id":"93","imie_pierwsze":"Andrzej","imie_drugie":"Andrzej","nazwisko":"Ga\u0142a\u017cewski","plec":"M","klub_id":"1","data_urodzenia":"1944-04-20"},{"id":"94","imie_pierwsze":"El\u017cbieta","imie_drugie":"El\u017cbieta","nazwisko":"Gapi\u0144ska","plec":"K","klub_id":"1","data_urodzenia":"1960-10-03"},{"id":"95","imie_pierwsze":"Tomasz","imie_drugie":"Tomasz","nazwisko":"Garbowski","plec":"M","klub_id":"4","data_urodzenia":"1979-01-07"},{"id":"96","imie_pierwsze":"Stanis\u0142aw","imie_drugie":"Stanis\u0142aw","nazwisko":"Gaw\u0142owski","plec":"M","klub_id":"1","data_urodzenia":"1968-11-27"},{"id":"97","imie_pierwsze":"Lidia","imie_drugie":"Lidia","nazwisko":"G\u0105dek","plec":"K","klub_id":"1","data_urodzenia":"1967-01-11"},{"id":"98","imie_pierwsze":"Magdalena","imie_drugie":"Magdalena","nazwisko":"G\u0105sior-Marek","plec":"K","klub_id":"1","data_urodzenia":"1983-12-17"},{"id":"99","imie_pierwsze":"El\u017cbieta","imie_drugie":"El\u017cbieta","nazwisko":"Gelert","plec":"K","klub_id":"1","data_urodzenia":"1955-04-22"},{"id":"100","imie_pierwsze":"\u0141ukasz","imie_drugie":"\u0141ukasz","nazwisko":"Giba\u0142a","plec":"M","klub_id":"5","data_urodzenia":"1977-09-10"},{"id":"101","imie_pierwsze":"Artur","imie_drugie":"Artur","nazwisko":"Gierada","plec":"M","klub_id":"1","data_urodzenia":"1979-04-21"},{"id":"102","imie_pierwsze":"Zbigniew","imie_drugie":"Zbigniew","nazwisko":"Girzy\u0144ski","plec":"M","klub_id":"2","data_urodzenia":"1973-03-17"},{"id":"103","imie_pierwsze":"Szymon","imie_drugie":"Szymon","nazwisko":"Gi\u017cy\u0144ski","plec":"M","klub_id":"2","data_urodzenia":"1956-03-08"},{"id":"104","imie_pierwsze":"Czes\u0142aw","imie_drugie":"Czes\u0142aw","nazwisko":"Gluza","plec":"M","klub_id":"1","data_urodzenia":"1956-06-11"},{"id":"105","imie_pierwsze":"Tomasz","imie_drugie":"Tomasz","nazwisko":"G\u0142ogowski","plec":"M","klub_id":"1","data_urodzenia":"1974-12-30"},{"id":"106","imie_pierwsze":"John","imie_drugie":"John","nazwisko":"Godson","plec":"M","klub_id":"1","data_urodzenia":"1970-11-25"},{"id":"107","imie_pierwsze":"Mieczys\u0142aw","imie_drugie":"Mieczys\u0142aw","nazwisko":"Golba","plec":"M","klub_id":"6","data_urodzenia":"1966-04-24"},{"id":"108","imie_pierwsze":"Kazimierz","imie_drugie":"Kazimierz","nazwisko":"Go\u0142ojuch","plec":"M","klub_id":"2","data_urodzenia":"1964-02-05"},{"id":"109","imie_pierwsze":"Marek","imie_drugie":"Marek","nazwisko":"Gos","plec":"M","klub_id":"3","data_urodzenia":"1969-11-22"},{"id":"110","imie_pierwsze":"Ma\u0142gorzata","imie_drugie":"Ma\u0142gorzata","nazwisko":"Gosiewska","plec":"K","klub_id":"2","data_urodzenia":"1966-07-22"},{"id":"111","imie_pierwsze":"Jaros\u0142aw","imie_drugie":"Jaros\u0142aw","nazwisko":"Gowin","plec":"M","klub_id":"1","data_urodzenia":"1961-12-04"},{"id":"112","imie_pierwsze":"Artur","imie_drugie":"Artur","nazwisko":"G\u00f3rczy\u0144ski","plec":"M","klub_id":"5","data_urodzenia":"1972-12-23"},{"id":"113","imie_pierwsze":"Jaros\u0142aw","imie_drugie":"Jaros\u0142aw","nazwisko":"G\u00f3rczy\u0144ski","plec":"M","klub_id":"3","data_urodzenia":"1971-02-09"},{"id":"114","imie_pierwsze":"Artur","imie_drugie":"Artur","nazwisko":"G\u00f3rski","plec":"M","klub_id":"2","data_urodzenia":"1970-01-30"},{"id":"115","imie_pierwsze":"Tomasz","imie_drugie":"Tomasz","nazwisko":"G\u00f3rski","plec":"M","klub_id":"6","data_urodzenia":"1973-08-15"},{"id":"116","imie_pierwsze":"Cezary","imie_drugie":"Cezary","nazwisko":"Grabarczyk","plec":"M","klub_id":"1","data_urodzenia":"1960-04-26"},{"id":"117","imie_pierwsze":"Aleksander","imie_drugie":"Aleksander","nazwisko":"Grad","plec":"M","klub_id":"1","data_urodzenia":"1962-05-01"},{"id":"118","imie_pierwsze":"Mariusz","imie_drugie":"Mariusz","nazwisko":"Grad","plec":"M","klub_id":"1","data_urodzenia":"1973-05-18"},{"id":"119","imie_pierwsze":"Pawe\u0142","imie_drugie":"Pawe\u0142","nazwisko":"Gra\u015b","plec":"M","klub_id":"1","data_urodzenia":"1964-02-23"},{"id":"120","imie_pierwsze":"Anna","imie_drugie":"Anna","nazwisko":"Grodzka","plec":"K","klub_id":"5","data_urodzenia":"1954-03-16"},{"id":"121","imie_pierwsze":"Rafa\u0142","imie_drugie":"Rafa\u0142","nazwisko":"Grupi\u0144ski","plec":"M","klub_id":"1","data_urodzenia":"1952-09-26"},{"id":"122","imie_pierwsze":"Eugeniusz","imie_drugie":"Eugeniusz","nazwisko":"Grzeszczak","plec":"M","klub_id":"3","data_urodzenia":"1954-12-29"},{"id":"123","imie_pierwsze":"Andrzej","imie_drugie":"Andrzej","nazwisko":"Gut-Mostowy","plec":"M","klub_id":"1","data_urodzenia":"1960-10-30"},{"id":"124","imie_pierwsze":"Iwona","imie_drugie":"Iwona","nazwisko":"Guzowska","plec":"K","klub_id":"1","data_urodzenia":"1974-02-07"},{"id":"125","imie_pierwsze":"Andrzej","imie_drugie":"Andrzej","nazwisko":"Halicki","plec":"M","klub_id":"1","data_urodzenia":"1961-11-26"},{"id":"126","imie_pierwsze":"Katarzyna","imie_drugie":"Katarzyna","nazwisko":"Hall","plec":"K","klub_id":"1","data_urodzenia":"1957-03-15"},{"id":"127","imie_pierwsze":"Agnieszka","imie_drugie":"Agnieszka","nazwisko":"Hanajczyk","plec":"K","klub_id":"1","data_urodzenia":"1963-01-12"},{"id":"128","imie_pierwsze":"Czes\u0142aw","imie_drugie":"Czes\u0142aw","nazwisko":"Hoc","plec":"M","klub_id":"2","data_urodzenia":"1954-02-22"},{"id":"129","imie_pierwsze":"Adam","imie_drugie":"Adam","nazwisko":"Hofman","plec":"M","klub_id":"2","data_urodzenia":"1980-05-23"},{"id":"130","imie_pierwsze":"Marek","imie_drugie":"Marek","nazwisko":"Hok","plec":"M","klub_id":"1","data_urodzenia":"1953-06-15"},{"id":"131","imie_pierwsze":"Teresa","imie_drugie":"Teresa","nazwisko":"Hoppe","plec":"K","klub_id":"1","data_urodzenia":"1947-09-13"},{"id":"132","imie_pierwsze":"J\u00f3zefa","imie_drugie":"J\u00f3zefa","nazwisko":"Hrynkiewicz","plec":"K","klub_id":"2","data_urodzenia":"1945-10-07"},{"id":"133","imie_pierwsze":"Stanis\u0142aw","imie_drugie":"Stanis\u0142aw","nazwisko":"Huskowski","plec":"M","klub_id":"1","data_urodzenia":"1953-04-24"},{"id":"134","imie_pierwsze":"Tadeusz","imie_drugie":"Tadeusz","nazwisko":"Iwi\u0144ski","plec":"M","klub_id":"4","data_urodzenia":"1944-10-28"},{"id":"135","imie_pierwsze":"Micha\u0142","imie_drugie":"Micha\u0142","nazwisko":"Jach","plec":"M","klub_id":"2","data_urodzenia":"1951-09-23"},{"id":"136","imie_pierwsze":"Dawid","imie_drugie":"Dawid","nazwisko":"Jackiewicz","plec":"M","klub_id":"2","data_urodzenia":"1973-03-18"},{"id":"137","imie_pierwsze":"Jaros\u0142aw","imie_drugie":"Jaros\u0142aw","nazwisko":"Jagie\u0142\u0142o","plec":"M","klub_id":"7","data_urodzenia":"1971-05-15"},{"id":"138","imie_pierwsze":"Patryk","imie_drugie":"Patryk","nazwisko":"Jaki","plec":"M","klub_id":"6","data_urodzenia":"1985-05-11"},{"id":"139","imie_pierwsze":"Wies\u0142aw","imie_drugie":"Wies\u0142aw","nazwisko":"Janczyk","plec":"M","klub_id":"2","data_urodzenia":"1964-04-07"},{"id":"140","imie_pierwsze":"Maria","imie_drugie":"Maria","nazwisko":"Janyska","plec":"K","klub_id":"1","data_urodzenia":"1962-01-16"},{"id":"141","imie_pierwsze":"Tadeusz","imie_drugie":"Tadeusz","nazwisko":"Jarmuziewicz","plec":"M","klub_id":"1","data_urodzenia":"1957-09-21"},{"id":"142","imie_pierwsze":"Micha\u0142","imie_drugie":"Micha\u0142","nazwisko":"Jaros","plec":"M","klub_id":"1","data_urodzenia":"1981-01-26"},{"id":"143","imie_pierwsze":"Wojciech","imie_drugie":"Wojciech","nazwisko":"Jasi\u0144ski","plec":"M","klub_id":"2","data_urodzenia":"1948-04-01"},{"id":"144","imie_pierwsze":"Leszek","imie_drugie":"Leszek","nazwisko":"Jastrz\u0119bski","plec":"M","klub_id":"1","data_urodzenia":"1976-08-20"},{"id":"145","imie_pierwsze":"Andrzej","imie_drugie":"Andrzej","nazwisko":"Jaworski","plec":"M","klub_id":"2","data_urodzenia":"1970-12-16"},{"id":"146","imie_pierwsze":"Mariusz","imie_drugie":"Mariusz","nazwisko":"J\u0119drysek","plec":"M","klub_id":"2","data_urodzenia":"1962-04-28"},{"id":"147","imie_pierwsze":"Dariusz","imie_drugie":"Dariusz","nazwisko":"Jo\u0144ski","plec":"M","klub_id":"4","data_urodzenia":"1979-01-12"},{"id":"148","imie_pierwsze":"Krzysztof","imie_drugie":"Krzysztof","nazwisko":"Jurgiel","plec":"M","klub_id":"2","data_urodzenia":"1953-11-18"},{"id":"149","imie_pierwsze":"Micha\u0142","imie_drugie":"Micha\u0142","nazwisko":"Kabaci\u0144ski","plec":"M","klub_id":"5","data_urodzenia":"1988-04-05"},{"id":"150","imie_pierwsze":"Tomasz","imie_drugie":"Tomasz","nazwisko":"Kaczmarek","plec":"M","klub_id":"2","data_urodzenia":"1976-08-15"},{"id":"151","imie_pierwsze":"Roman","imie_drugie":"Roman","nazwisko":"Kaczor","plec":"M","klub_id":"1","data_urodzenia":"1956-09-03"},{"id":"152","imie_pierwsze":"Jaros\u0142aw","imie_drugie":"Jaros\u0142aw","nazwisko":"Kaczy\u0144ski","plec":"M","klub_id":"2","data_urodzenia":"1949-06-18"},{"id":"153","imie_pierwsze":"Stanis\u0142aw","imie_drugie":"Stanis\u0142aw","nazwisko":"Kalemba","plec":"M","klub_id":"3","data_urodzenia":"1947-10-25"},{"id":"154","imie_pierwsze":"Ryszard","imie_drugie":"Ryszard","nazwisko":"Kalisz","plec":"M","klub_id":"4","data_urodzenia":"1957-02-26"},{"id":"155","imie_pierwsze":"Bo\u017cena","imie_drugie":"Bo\u017cena","nazwisko":"Kami\u0144ska","plec":"K","klub_id":"1","data_urodzenia":"1965-08-27"},{"id":"156","imie_pierwsze":"Mariusz","imie_drugie":"Mariusz","nazwisko":"Kami\u0144ski","plec":"M","klub_id":"2","data_urodzenia":"1965-09-25"},{"id":"157","imie_pierwsze":"Mariusz","imie_drugie":"Mariusz","nazwisko":"Kami\u0144ski","plec":"M","klub_id":"2","data_urodzenia":"1978-03-30"},{"id":"158","imie_pierwsze":"Tomasz","imie_drugie":"Tomasz","nazwisko":"Kami\u0144ski","plec":"M","klub_id":"4","data_urodzenia":"1979-10-27"},{"id":"159","imie_pierwsze":"Andrzej","imie_drugie":"Andrzej","nazwisko":"Kania","plec":"M","klub_id":"1","data_urodzenia":"1963-05-04"},{"id":"160","imie_pierwsze":"W\u0142odzimierz","imie_drugie":"W\u0142odzimierz","nazwisko":"Karpi\u0144ski","plec":"M","klub_id":"1","data_urodzenia":"1961-11-16"},{"id":"161","imie_pierwsze":"Mieczys\u0142aw","imie_drugie":"Mieczys\u0142aw","nazwisko":"Kasprzak","plec":"M","klub_id":"3","data_urodzenia":"1953-03-30"},{"id":"162","imie_pierwsze":"Jaros\u0142aw","imie_drugie":"Jaros\u0142aw","nazwisko":"Katulski","plec":"M","klub_id":"1","data_urodzenia":"1961-10-16"},{"id":"163","imie_pierwsze":"Jan","imie_drugie":"Jan","nazwisko":"Ka\u017amierczak","plec":"M","klub_id":"1","data_urodzenia":"1950-04-04"},{"id":"164","imie_pierwsze":"Beata","imie_drugie":"Beata","nazwisko":"Kempa","plec":"K","klub_id":"6","data_urodzenia":"1966-02-11"},{"id":"165","imie_pierwsze":"Adam","imie_drugie":"Adam","nazwisko":"K\u0119pi\u0144ski","plec":"M","klub_id":"5","data_urodzenia":"1975-12-05"},{"id":"166","imie_pierwsze":"Ma\u0142gorzata","imie_drugie":"Ma\u0142gorzata","nazwisko":"Kidawa-B\u0142o\u0144ska","plec":"K","klub_id":"1","data_urodzenia":"1957-05-05"},{"id":"167","imie_pierwsze":"Marcin","imie_drugie":"Marcin","nazwisko":"Kierwi\u0144ski","plec":"M","klub_id":"1","data_urodzenia":"1976-08-22"},{"id":"168","imie_pierwsze":"Witold","imie_drugie":"Witold","nazwisko":"Klepacz","plec":"M","klub_id":"5","data_urodzenia":"1953-07-07"},{"id":"169","imie_pierwsze":"Izabela","imie_drugie":"Izabela","nazwisko":"Kloc","plec":"K","klub_id":"2","data_urodzenia":"1963-05-08"},{"id":"170","imie_pierwsze":"Joanna","imie_drugie":"Joanna","nazwisko":"Kluzik-Rostkowska","plec":"K","klub_id":"1","data_urodzenia":"1963-12-14"},{"id":"171","imie_pierwsze":"Eugeniusz","imie_drugie":"Eugeniusz","nazwisko":"K\u0142opotek","plec":"M","klub_id":"3","data_urodzenia":"1953-11-15"},{"id":"172","imie_pierwsze":"Krystyna","imie_drugie":"Krystyna","nazwisko":"K\u0142osin","plec":"K","klub_id":"1","data_urodzenia":"1954-07-14"},{"id":"173","imie_pierwsze":"Krzysztof","imie_drugie":"Krzysztof","nazwisko":"K\u0142osowski","plec":"M","klub_id":"5","data_urodzenia":"1975-12-14"},{"id":"174","imie_pierwsze":"S\u0142awomir","imie_drugie":"S\u0142awomir","nazwisko":"K\u0142osowski","plec":"M","klub_id":"2","data_urodzenia":"1964-02-21"},{"id":"175","imie_pierwsze":"Henryk","imie_drugie":"Henryk","nazwisko":"Kmiecik","plec":"M","klub_id":"5","data_urodzenia":"1953-12-01"},{"id":"176","imie_pierwsze":"Magdalena","imie_drugie":"Magdalena","nazwisko":"Kochan","plec":"K","klub_id":"1","data_urodzenia":"1950-01-28"},{"id":"177","imie_pierwsze":"Brygida","imie_drugie":"Brygida","nazwisko":"Kolenda-\u0141abu\u015b","plec":"K","klub_id":"1","data_urodzenia":"1950-05-12"},{"id":"178","imie_pierwsze":"Agnieszka","imie_drugie":"Agnieszka","nazwisko":"Ko\u0142acz-Leszczy\u0144ska","plec":"K","klub_id":"1","data_urodzenia":"1972-10-19"},{"id":"179","imie_pierwsze":"Lech","imie_drugie":"Lech","nazwisko":"Ko\u0142akowski","plec":"M","klub_id":"2","data_urodzenia":"1963-06-13"},{"id":"180","imie_pierwsze":"Robert","imie_drugie":"Robert","nazwisko":"Ko\u0142akowski","plec":"M","klub_id":"2","data_urodzenia":"1963-03-15"},{"id":"181","imie_pierwsze":"Ewa","imie_drugie":"Ewa","nazwisko":"Ko\u0142odziej","plec":"K","klub_id":"1","data_urodzenia":"1978-09-02"},{"id":"182","imie_pierwsze":"Zbigniew","imie_drugie":"Zbigniew","nazwisko":"Konwi\u0144ski","plec":"M","klub_id":"1","data_urodzenia":"1974-03-24"},{"id":"183","imie_pierwsze":"Ewa","imie_drugie":"Ewa","nazwisko":"Kopacz","plec":"K","klub_id":"1","data_urodzenia":"1956-12-03"},{"id":"184","imie_pierwsze":"Domicela","imie_drugie":"Domicela","nazwisko":"Kopaczewska","plec":"K","klub_id":"1","data_urodzenia":"1958-10-04"},{"id":"185","imie_pierwsze":"S\u0142awomir","imie_drugie":"S\u0142awomir","nazwisko":"Kopyci\u0144ski","plec":"M","klub_id":"5","data_urodzenia":"1975-12-29"},{"id":"186","imie_pierwsze":"Leszek","imie_drugie":"Leszek","nazwisko":"Korzeniowski","plec":"M","klub_id":"1","data_urodzenia":"1955-01-01"},{"id":"187","imie_pierwsze":"Roman","imie_drugie":"Roman","nazwisko":"Kosecki","plec":"M","klub_id":"1","data_urodzenia":"1966-02-15"},{"id":"188","imie_pierwsze":"Roman","imie_drugie":"Roman","nazwisko":"Kotli\u0144ski","plec":"M","klub_id":"5","data_urodzenia":"1967-03-15"},{"id":"189","imie_pierwsze":"Henryk","imie_drugie":"Henryk","nazwisko":"Kowalczyk","plec":"M","klub_id":"2","data_urodzenia":"1956-07-15"},{"id":"190","imie_pierwsze":"S\u0142awomir","imie_drugie":"S\u0142awomir","nazwisko":"Kowalski","plec":"M","klub_id":"1","data_urodzenia":"1961-04-14"},{"id":"191","imie_pierwsze":"Bartosz","imie_drugie":"Bartosz","nazwisko":"Kownacki","plec":"M","klub_id":"2","data_urodzenia":"1979-08-11"},{"id":"192","imie_pierwsze":"Jacek","imie_drugie":"Jacek","nazwisko":"Kozaczy\u0144ski","plec":"M","klub_id":"1","data_urodzenia":"1968-01-31"},{"id":"193","imie_pierwsze":"Jerzy","imie_drugie":"Jerzy","nazwisko":"Kozdro\u0144","plec":"M","klub_id":"1","data_urodzenia":"1950-10-23"},{"id":"195","imie_pierwsze":"Iwona","imie_drugie":"Iwona","nazwisko":"Koz\u0142owska","plec":"K","klub_id":"1","data_urodzenia":"1963-08-11"},{"id":"194","imie_pierwsze":"Agnieszka","imie_drugie":"Agnieszka","nazwisko":"Koz\u0142owska-Rajewicz","plec":"K","klub_id":"1","data_urodzenia":"1969-12-04"},{"id":"196","imie_pierwsze":"Miros\u0142aw","imie_drugie":"Miros\u0142aw","nazwisko":"Ko\u017alakiewicz","plec":"M","klub_id":"1","data_urodzenia":"1957-06-11"},{"id":"197","imie_pierwsze":"Maks","imie_drugie":"Maks","nazwisko":"Kraczkowski","plec":"M","klub_id":"2","data_urodzenia":"1979-03-09"},{"id":"198","imie_pierwsze":"Ligia","imie_drugie":"Ligia","nazwisko":"Krajewska","plec":"K","klub_id":"1","data_urodzenia":"1949-02-12"},{"id":"199","imie_pierwsze":"Leonard","imie_drugie":"Leonard","nazwisko":"Krasulski","plec":"M","klub_id":"2","data_urodzenia":"1950-11-08"},{"id":"200","imie_pierwsze":"Robert","imie_drugie":"Robert","nazwisko":"Kropiwnicki","plec":"M","klub_id":"1","data_urodzenia":"1974-07-23"},{"id":"201","imie_pierwsze":"El\u017cbieta","imie_drugie":"El\u017cbieta","nazwisko":"Kruk","plec":"K","klub_id":"2","data_urodzenia":"1959-11-19"},{"id":"202","imie_pierwsze":"\u0141ukasz","imie_drugie":"\u0141ukasz","nazwisko":"Krupa","plec":"M","klub_id":"5","data_urodzenia":"1981-04-20"},{"id":"203","imie_pierwsze":"Marek","imie_drugie":"Marek","nazwisko":"Krz\u0105ka\u0142a","plec":"M","klub_id":"1","data_urodzenia":"1967-10-22"},{"id":"204","imie_pierwsze":"Cezary","imie_drugie":"Cezary","nazwisko":"Kucharski","plec":"M","klub_id":"1","data_urodzenia":"1972-02-17"},{"id":"205","imie_pierwsze":"Marek","imie_drugie":"Marek","nazwisko":"Kuchci\u0144ski","plec":"M","klub_id":"2","data_urodzenia":"1955-08-09"},{"id":"206","imie_pierwsze":"Barbara","imie_drugie":"Barbara","nazwisko":"Kudrycka","plec":"K","klub_id":"1","data_urodzenia":"1956-01-22"},{"id":"666","imie_pierwsze":"Tomasz","imie_drugie":"Tomasz","nazwisko":"","plec":"M","klub_id":"1","data_urodzenia":"1959-06-14"},{"id":"207","imie_pierwsze":"Zbigniew","imie_drugie":"Zbigniew","nazwisko":"Ku\u017amiuk","plec":"M","klub_id":"2","data_urodzenia":"1956-09-19"},{"id":"208","imie_pierwsze":"Adam","imie_drugie":"Adam","nazwisko":"Kwiatkowski","plec":"M","klub_id":"2","data_urodzenia":"1972-12-07"},{"id":"209","imie_pierwsze":"Jacek","imie_drugie":"Jacek","nazwisko":"Kwiatkowski","plec":"M","klub_id":"5","data_urodzenia":"1970-04-26"},{"id":"210","imie_pierwsze":"Krzysztof","imie_drugie":"Krzysztof","nazwisko":"Kwiatkowski","plec":"M","klub_id":"1","data_urodzenia":"1971-05-14"},{"id":"211","imie_pierwsze":"Stanis\u0142aw","imie_drugie":"Stanis\u0142aw","nazwisko":"Lamczyk","plec":"M","klub_id":"1","data_urodzenia":"1957-08-12"},{"id":"212","imie_pierwsze":"J\u00f3zef","imie_drugie":"J\u00f3zef","nazwisko":"Lassota","plec":"M","klub_id":"1","data_urodzenia":"1943-10-24"},{"id":"213","imie_pierwsze":"Tomasz","imie_drugie":"Tomasz","nazwisko":"Latos","plec":"M","klub_id":"2","data_urodzenia":"1964-03-08"},{"id":"214","imie_pierwsze":"Tomasz","imie_drugie":"Tomasz","nazwisko":"Lenz","plec":"M","klub_id":"1","data_urodzenia":"1968-12-08"},{"id":"215","imie_pierwsze":"Izabela","imie_drugie":"Izabela","nazwisko":"Leszczyna","plec":"K","klub_id":"1","data_urodzenia":"1962-09-03"},{"id":"216","imie_pierwsze":"Andrzej","imie_drugie":"Andrzej","nazwisko":"Lewandowski","plec":"M","klub_id":"5","data_urodzenia":"1954-04-18"},{"id":"217","imie_pierwsze":"Krzysztof","imie_drugie":"Krzysztof","nazwisko":"Lipiec","plec":"M","klub_id":"2","data_urodzenia":"1959-10-11"},{"id":"218","imie_pierwsze":"Adam","imie_drugie":"Adam","nazwisko":"Lipi\u0144ski","plec":"M","klub_id":"2","data_urodzenia":"1956-09-11"},{"id":"219","imie_pierwsze":"Arkadiusz","imie_drugie":"Arkadiusz","nazwisko":"Litwi\u0144ski","plec":"M","klub_id":"1","data_urodzenia":"1970-07-31"},{"id":"220","imie_pierwsze":"Marek","imie_drugie":"Marek","nazwisko":"\u0141api\u0144ski","plec":"M","klub_id":"1","data_urodzenia":"1971-07-19"},{"id":"221","imie_pierwsze":"Marek","imie_drugie":"Marek","nazwisko":"\u0141atas","plec":"M","klub_id":"2","data_urodzenia":"1960-04-20"},{"id":"222","imie_pierwsze":"Zofia","imie_drugie":"Zofia","nazwisko":"\u0141awrynowicz","plec":"K","klub_id":"1","data_urodzenia":"1964-04-26"},{"id":"223","imie_pierwsze":"Jan","imie_drugie":"Jan","nazwisko":"\u0141opata","plec":"M","klub_id":"3","data_urodzenia":"1954-08-16"},{"id":"224","imie_pierwsze":"Maciej","imie_drugie":"Maciej","nazwisko":"\u0141opi\u0144ski","plec":"M","klub_id":"2","data_urodzenia":"1947-08-19"},{"id":"225","imie_pierwsze":"Mieczys\u0142aw","imie_drugie":"Mieczys\u0142aw","nazwisko":"\u0141uczak","plec":"M","klub_id":"3","data_urodzenia":"1955-07-09"},{"id":"226","imie_pierwsze":"Krystyna","imie_drugie":"Krystyna","nazwisko":"\u0141ybacka","plec":"K","klub_id":"4","data_urodzenia":"1946-02-10"},{"id":"227","imie_pierwsze":"Marzena","imie_drugie":"Marzena","nazwisko":"Macha\u0142ek","plec":"K","klub_id":"2","data_urodzenia":"1960-08-29"},{"id":"228","imie_pierwsze":"Antoni","imie_drugie":"Antoni","nazwisko":"Macierewicz","plec":"M","klub_id":"2","data_urodzenia":"1948-08-03"},{"id":"229","imie_pierwsze":"Tomasz","imie_drugie":"Tomasz","nazwisko":"Makowski","plec":"M","klub_id":"5","data_urodzenia":"1973-03-01"},{"id":"230","imie_pierwsze":"Ewa","imie_drugie":"Ewa","nazwisko":"Malik","plec":"K","klub_id":"2","data_urodzenia":"1961-01-11"},{"id":"231","imie_pierwsze":"Miros\u0142aw","imie_drugie":"Miros\u0142aw","nazwisko":"Maliszewski","plec":"M","klub_id":"3","data_urodzenia":"1968-02-28"},{"id":"232","imie_pierwsze":"Beata","imie_drugie":"Beata","nazwisko":"Ma\u0142ecka-Libera","plec":"K","klub_id":"1","data_urodzenia":"1954-05-17"},{"id":"233","imie_pierwsze":"Maciej","imie_drugie":"Maciej","nazwisko":"Ma\u0142ecki","plec":"M","klub_id":"2","data_urodzenia":"1974-10-09"},{"id":"234","imie_pierwsze":"Ma\u0142gorzata","imie_drugie":"Ma\u0142gorzata","nazwisko":"Marcinkiewicz","plec":"K","klub_id":"5","data_urodzenia":"1962-01-26"},{"id":"235","imie_pierwsze":"Jagna","imie_drugie":"Jagna","nazwisko":"Marczu\u0142ajtis - Walczak","plec":"K","klub_id":"1","data_urodzenia":"1978-12-15"},{"id":"236","imie_pierwsze":"Gabriela","imie_drugie":"Gabriela","nazwisko":"Mas\u0142owska","plec":"K","klub_id":"2","data_urodzenia":"1950-06-27"},{"id":"237","imie_pierwsze":"Marcin","imie_drugie":"Marcin","nazwisko":"Mastalerek","plec":"M","klub_id":"2","data_urodzenia":"1984-09-15"},{"id":"238","imie_pierwsze":"Jerzy","imie_drugie":"Jerzy","nazwisko":"Materna","plec":"M","klub_id":"2","data_urodzenia":"1956-03-25"},{"id":"239","imie_pierwsze":"Grzegorz","imie_drugie":"Grzegorz","nazwisko":"Matusiak","plec":"M","klub_id":"2","data_urodzenia":"1961-02-24"},{"id":"240","imie_pierwsze":"Katarzyna","imie_drugie":"Katarzyna","nazwisko":"Matusik-Lipiec","plec":"K","klub_id":"1","data_urodzenia":"1975-06-29"},{"id":"241","imie_pierwsze":"Zbigniew","imie_drugie":"Zbigniew","nazwisko":"Matuszczak","plec":"M","klub_id":"4","data_urodzenia":"1962-09-21"},{"id":"242","imie_pierwsze":"Marek","imie_drugie":"Marek","nazwisko":"Matuszewski","plec":"M","klub_id":"2","data_urodzenia":"1959-08-14"},{"id":"243","imie_pierwsze":"Beata","imie_drugie":"Beata","nazwisko":"Mazurek","plec":"K","klub_id":"2","data_urodzenia":"1967-10-19"},{"id":"244","imie_pierwsze":"Antoni","imie_drugie":"Antoni","nazwisko":"M\u0119\u017cyd\u0142o","plec":"M","klub_id":"1","data_urodzenia":"1954-08-23"},{"id":"245","imie_pierwsze":"Krzysztof","imie_drugie":"Krzysztof","nazwisko":"Micha\u0142kiewicz","plec":"M","klub_id":"2","data_urodzenia":"1953-09-26"},{"id":"246","imie_pierwsze":"Leszek","imie_drugie":"Leszek","nazwisko":"Miller","plec":"M","klub_id":"4","data_urodzenia":"1946-07-03"},{"id":"247","imie_pierwsze":"Rajmund","imie_drugie":"Rajmund","nazwisko":"Miller","plec":"M","klub_id":"1","data_urodzenia":"1954-07-16"},{"id":"248","imie_pierwsze":"Konstanty","imie_drugie":"Konstanty","nazwisko":"Miodowicz","plec":"M","klub_id":"1","data_urodzenia":"1951-01-09"},{"id":"249","imie_pierwsze":"Kazimierz","imie_drugie":"Kazimierz","nazwisko":"Moskal","plec":"M","klub_id":"2","data_urodzenia":"1962-02-02"},{"id":"250","imie_pierwsze":"Czes\u0142aw","imie_drugie":"Czes\u0142aw","nazwisko":"Mroczek","plec":"M","klub_id":"1","data_urodzenia":"1964-07-20"},{"id":"251","imie_pierwsze":"Maciej","imie_drugie":"Maciej","nazwisko":"Mroczek","plec":"M","klub_id":"5","data_urodzenia":"1973-04-01"},{"id":"252","imie_pierwsze":"Izabela","imie_drugie":"Izabela","nazwisko":"Mrzyg\u0142ocka","plec":"K","klub_id":"1","data_urodzenia":"1959-05-20"},{"id":"253","imie_pierwsze":"Joanna","imie_drugie":"Joanna","nazwisko":"Mucha","plec":"K","klub_id":"1","data_urodzenia":"1976-04-12"},{"id":"254","imie_pierwsze":"Arkadiusz","imie_drugie":"Arkadiusz","nazwisko":"Mularczyk","plec":"M","klub_id":"6","data_urodzenia":"1971-02-04"},{"id":"255","imie_pierwsze":"Killion","imie_drugie":"Killion","nazwisko":"Munyama","plec":"M","klub_id":"1","data_urodzenia":"1961-07-10"},{"id":"256","imie_pierwsze":"Piotr","imie_drugie":"Piotr","nazwisko":"Naimski","plec":"M","klub_id":"2","data_urodzenia":"1951-02-02"},{"id":"257","imie_pierwsze":"Jacek","imie_drugie":"Jacek","nazwisko":"Najder","plec":"M","klub_id":"5","data_urodzenia":"1978-03-20"},{"id":"258","imie_pierwsze":"Grzegorz","imie_drugie":"Grzegorz","nazwisko":"Napieralski","plec":"M","klub_id":"4","data_urodzenia":"1974-03-18"},{"id":"259","imie_pierwsze":"Anna","imie_drugie":"Anna","nazwisko":"Nem\u015b","plec":"K","klub_id":"1","data_urodzenia":"1964-03-19"},{"id":"260","imie_pierwsze":"S\u0142awomir","imie_drugie":"S\u0142awomir","nazwisko":"Neumann","plec":"M","klub_id":"1","data_urodzenia":"1968-04-30"},{"id":"261","imie_pierwsze":"Dorota","imie_drugie":"Dorota","nazwisko":"Niedziela","plec":"K","klub_id":"1","data_urodzenia":"1964-08-20"},{"id":"262","imie_pierwsze":"Ma\u0142gorzata","imie_drugie":"Ma\u0142gorzata","nazwisko":"Niemczyk","plec":"K","klub_id":"1","data_urodzenia":"1969-10-25"},{"id":"263","imie_pierwsze":"Stefan","imie_drugie":"Stefan","nazwisko":"Niesio\u0142owski","plec":"M","klub_id":"1","data_urodzenia":"1944-02-04"},{"id":"264","imie_pierwsze":"Maria","imie_drugie":"Maria","nazwisko":"Nowak","plec":"K","klub_id":"2","data_urodzenia":"1950-03-31"},{"id":"265","imie_pierwsze":"S\u0142awomir","imie_drugie":"S\u0142awomir","nazwisko":"Nowak","plec":"M","klub_id":"1","data_urodzenia":"1974-12-11"},{"id":"266","imie_pierwsze":"Tomasz","imie_drugie":"Tomasz","nazwisko":"Nowak","plec":"M","klub_id":"1","data_urodzenia":"1956-12-22"},{"id":"267","imie_pierwsze":"Wanda","imie_drugie":"Wanda","nazwisko":"Nowicka","plec":"K","klub_id":"7","data_urodzenia":"1956-11-21"},{"id":"268","imie_pierwsze":"Miros\u0142awa","imie_drugie":"Miros\u0142awa","nazwisko":"Nykiel","plec":"K","klub_id":"1","data_urodzenia":"1953-09-23"},{"id":"269","imie_pierwsze":"Marzena","imie_drugie":"Marzena","nazwisko":"Ok\u0142a-Drewnowicz","plec":"K","klub_id":"1","data_urodzenia":"1972-05-20"},{"id":"270","imie_pierwsze":"Janina","imie_drugie":"Janina","nazwisko":"Okr\u0105g\u0142y","plec":"K","klub_id":"1","data_urodzenia":"1955-06-27"},{"id":"271","imie_pierwsze":"Alicja","imie_drugie":"Alicja","nazwisko":"Olechowska","plec":"K","klub_id":"1","data_urodzenia":"1956-02-10"},{"id":"272","imie_pierwsze":"Cezary","imie_drugie":"Cezary","nazwisko":"Olejniczak","plec":"M","klub_id":"4","data_urodzenia":"1972-10-12"},{"id":"273","imie_pierwsze":"Pawe\u0142","imie_drugie":"Pawe\u0142","nazwisko":"Olszewski","plec":"M","klub_id":"1","data_urodzenia":"1979-12-11"},{"id":"274","imie_pierwsze":"Marek","imie_drugie":"Marek","nazwisko":"Opio\u0142a","plec":"M","klub_id":"2","data_urodzenia":"1976-09-24"},{"id":"275","imie_pierwsze":"Andrzej","imie_drugie":"Andrzej","nazwisko":"Orzechowski","plec":"M","klub_id":"1","data_urodzenia":"1962-11-10"},{"id":"276","imie_pierwsze":"Maciej","imie_drugie":"Maciej","nazwisko":"Orzechowski","plec":"M","klub_id":"1","data_urodzenia":"1971-05-04"},{"id":"277","imie_pierwsze":"Artur","imie_drugie":"Artur","nazwisko":"Ostrowski","plec":"M","klub_id":"4","data_urodzenia":"1968-08-29"},{"id":"278","imie_pierwsze":"Jacek","imie_drugie":"Jacek","nazwisko":"Osuch","plec":"M","klub_id":"2","data_urodzenia":"1958-08-28"},{"id":"279","imie_pierwsze":"Konstanty","imie_drugie":"Konstanty","nazwisko":"O\u015bwi\u0119cimski","plec":"M","klub_id":"1","data_urodzenia":"1964-09-19"},{"id":"280","imie_pierwsze":"Krystyna","imie_drugie":"Krystyna","nazwisko":"Ozga","plec":"K","klub_id":"3","data_urodzenia":"1944-06-20"},{"id":"281","imie_pierwsze":"Stanis\u0142aw","imie_drugie":"Stanis\u0142aw","nazwisko":"O\u017c\u00f3g","plec":"M","klub_id":"2","data_urodzenia":"1953-05-27"},{"id":"282","imie_pierwsze":"Zbigniew","imie_drugie":"Zbigniew","nazwisko":"Pacelt","plec":"M","klub_id":"1","data_urodzenia":"1951-08-26"},{"id":"283","imie_pierwsze":"Micha\u0142","imie_drugie":"Micha\u0142","nazwisko":"Pacholski","plec":"M","klub_id":"5","data_urodzenia":"1985-10-31"},{"id":"284","imie_pierwsze":"Witold","imie_drugie":"Witold","nazwisko":"Pahl","plec":"M","klub_id":"1","data_urodzenia":"1961-12-07"},{"id":"285","imie_pierwsze":"Janusz","imie_drugie":"Janusz","nazwisko":"Palikot","plec":"M","klub_id":"5","data_urodzenia":"1964-10-26"},{"id":"286","imie_pierwsze":"Anna","imie_drugie":"Anna","nazwisko":"Paluch","plec":"K","klub_id":"2","data_urodzenia":"1960-03-31"},{"id":"287","imie_pierwsze":"Pawe\u0142","imie_drugie":"Pawe\u0142","nazwisko":"Papke","plec":"M","klub_id":"1","data_urodzenia":"1977-02-13"},{"id":"288","imie_pierwsze":"Miros\u0142aw","imie_drugie":"Miros\u0142aw","nazwisko":"Pawlak","plec":"M","klub_id":"3","data_urodzenia":"1942-04-02"},{"id":"289","imie_pierwsze":"Waldemar","imie_drugie":"Waldemar","nazwisko":"Pawlak","plec":"M","klub_id":"3","data_urodzenia":"1959-09-05"},{"id":"290","imie_pierwsze":"Krystyna","imie_drugie":"Krystyna","nazwisko":"Paw\u0142owicz","plec":"K","klub_id":"2","data_urodzenia":"1952-04-14"},{"id":"291","imie_pierwsze":"Wojciech","imie_drugie":"Wojciech","nazwisko":"Penkalski","plec":"M","klub_id":"5","data_urodzenia":"1974-05-17"},{"id":"292","imie_pierwsze":"Ma\u0142gorzata","imie_drugie":"Ma\u0142gorzata","nazwisko":"P\u0119pek","plec":"K","klub_id":"1","data_urodzenia":"1961-06-10"},{"id":"293","imie_pierwsze":"Andrzej","imie_drugie":"Andrzej","nazwisko":"Pi\u0105tak","plec":"M","klub_id":"5","data_urodzenia":"1969-09-02"},{"id":"294","imie_pierwsze":"Boles\u0142aw","imie_drugie":"Boles\u0142aw","nazwisko":"Piecha","plec":"M","klub_id":"2","data_urodzenia":"1954-09-19"},{"id":"295","imie_pierwsze":"Janusz","imie_drugie":"Janusz","nazwisko":"Piechoci\u0144ski","plec":"M","klub_id":"3","data_urodzenia":"1960-03-15"},{"id":"296","imie_pierwsze":"S\u0142awomir","imie_drugie":"S\u0142awomir","nazwisko":"Piechota","plec":"M","klub_id":"1","data_urodzenia":"1960-01-01"},{"id":"297","imie_pierwsze":"El\u017cbieta","imie_drugie":"El\u017cbieta","nazwisko":"Pierzcha\u0142a","plec":"K","klub_id":"1","data_urodzenia":"1954-07-05"},{"id":"298","imie_pierwsze":"Danuta","imie_drugie":"Danuta","nazwisko":"Pietraszewska","plec":"K","klub_id":"1","data_urodzenia":"1947-05-08"},{"id":"299","imie_pierwsze":"Lucjan","imie_drugie":"Lucjan","nazwisko":"Pietrzczyk","plec":"M","klub_id":"1","data_urodzenia":"1960-03-24"},{"id":"300","imie_pierwsze":"Jaros\u0142aw","imie_drugie":"Jaros\u0142aw","nazwisko":"Pi\u0119ta","plec":"M","klub_id":"1","data_urodzenia":"1964-12-27"},{"id":"301","imie_pierwsze":"Stanis\u0142aw","imie_drugie":"Stanis\u0142aw","nazwisko":"Pi\u0119ta","plec":"M","klub_id":"2","data_urodzenia":"1971-05-09"},{"id":"302","imie_pierwsze":"Dariusz","imie_drugie":"Dariusz","nazwisko":"Piontkowski","plec":"M","klub_id":"2","data_urodzenia":"1964-12-17"},{"id":"303","imie_pierwsze":"Stanis\u0142aw","imie_drugie":"Stanis\u0142aw","nazwisko":"Piotrowicz","plec":"M","klub_id":"2","data_urodzenia":"1952-07-19"},{"id":"304","imie_pierwsze":"Teresa","imie_drugie":"Teresa","nazwisko":"Piotrowska","plec":"K","klub_id":"1","data_urodzenia":"1955-02-05"},{"id":"305","imie_pierwsze":"Julia","imie_drugie":"Julia","nazwisko":"Pitera","plec":"K","klub_id":"1","data_urodzenia":"1953-05-26"},{"id":"306","imie_pierwsze":"Kazimierz","imie_drugie":"Kazimierz","nazwisko":"Plocke","plec":"M","klub_id":"1","data_urodzenia":"1958-05-03"},{"id":"307","imie_pierwsze":"Marek","imie_drugie":"Marek","nazwisko":"Plura","plec":"M","klub_id":"1","data_urodzenia":"1970-07-18"},{"id":"308","imie_pierwsze":"Miros\u0142aw","imie_drugie":"Miros\u0142aw","nazwisko":"Pluta","plec":"M","klub_id":"1","data_urodzenia":"1960-03-09"},{"id":"309","imie_pierwsze":"Jerzy","imie_drugie":"Jerzy","nazwisko":"Polaczek","plec":"M","klub_id":"2","data_urodzenia":"1961-08-24"},{"id":"310","imie_pierwsze":"Marek","imie_drugie":"Marek","nazwisko":"Polak","plec":"M","klub_id":"2","data_urodzenia":"1963-11-19"},{"id":"311","imie_pierwsze":"Piotr","imie_drugie":"Piotr","nazwisko":"Polak","plec":"M","klub_id":"2","data_urodzenia":"1961-01-20"},{"id":"312","imie_pierwsze":"Agnieszka","imie_drugie":"Agnieszka","nazwisko":"Pomaska","plec":"K","klub_id":"1","data_urodzenia":"1980-01-08"},{"id":"313","imie_pierwsze":"Krzysztof","imie_drugie":"Krzysztof","nazwisko":"Popio\u0142ek","plec":"M","klub_id":"2","data_urodzenia":"1956-02-16"},{"id":"314","imie_pierwsze":"Zofia","imie_drugie":"Zofia","nazwisko":"Popio\u0142ek","plec":"K","klub_id":"5","data_urodzenia":"1952-06-20"},{"id":"315","imie_pierwsze":"Krystyna","imie_drugie":"Krystyna","nazwisko":"Po\u015blednia","plec":"K","klub_id":"1","data_urodzenia":"1957-03-15"},{"id":"316","imie_pierwsze":"Marek","imie_drugie":"Marek","nazwisko":"Pozna\u0144ski","plec":"M","klub_id":"5","data_urodzenia":"1984-10-14"},{"id":"317","imie_pierwsze":"Stanis\u0142awa","imie_drugie":"Stanis\u0142awa","nazwisko":"Prz\u0105dka","plec":"K","klub_id":"4","data_urodzenia":"1943-05-06"},{"id":"318","imie_pierwsze":"Piotr","imie_drugie":"Piotr","nazwisko":"Pyzik","plec":"M","klub_id":"2","data_urodzenia":"1959-01-01"},{"id":"319","imie_pierwsze":"J\u00f3zef","imie_drugie":"J\u00f3zef","nazwisko":"Racki","plec":"M","klub_id":"3","data_urodzenia":"1943-03-28"},{"id":"320","imie_pierwsze":"Damian","imie_drugie":"Damian","nazwisko":"Raczkowski","plec":"M","klub_id":"1","data_urodzenia":"1975-04-11"},{"id":"321","imie_pierwsze":"El\u017cbieta","imie_drugie":"El\u017cbieta","nazwisko":"Radziszewska","plec":"K","klub_id":"1","data_urodzenia":"1958-01-06"},{"id":"322","imie_pierwsze":"El\u017cbieta","imie_drugie":"El\u017cbieta","nazwisko":"Rafalska","plec":"K","klub_id":"2","data_urodzenia":"1955-06-22"},{"id":"323","imie_pierwsze":"Grzegorz","imie_drugie":"Grzegorz","nazwisko":"Raniewicz","plec":"M","klub_id":"1","data_urodzenia":"1970-07-09"},{"id":"324","imie_pierwsze":"Ireneusz","imie_drugie":"Ireneusz","nazwisko":"Ra\u015b","plec":"M","klub_id":"1","data_urodzenia":"1972-09-30"},{"id":"325","imie_pierwsze":"Jerzy","imie_drugie":"Jerzy","nazwisko":"R\u0119bek","plec":"M","klub_id":"2","data_urodzenia":"1960-02-10"},{"id":"326","imie_pierwsze":"Adam","imie_drugie":"Adam","nazwisko":"Rogacki","plec":"M","klub_id":"2","data_urodzenia":"1976-02-20"},{"id":"327","imie_pierwsze":"J\u00f3zef","imie_drugie":"J\u00f3zef","nazwisko":"Rojek","plec":"M","klub_id":"6","data_urodzenia":"1950-03-20"},{"id":"328","imie_pierwsze":"Andrzej","imie_drugie":"Andrzej","nazwisko":"Romanek","plec":"M","klub_id":"6","data_urodzenia":"1967-11-01"},{"id":"329","imie_pierwsze":"Dariusz","imie_drugie":"Dariusz","nazwisko":"Rosati","plec":"M","klub_id":"1","data_urodzenia":"1946-08-08"},{"id":"330","imie_pierwsze":"Andrzej","imie_drugie":"Andrzej","nazwisko":"Rozenek","plec":"M","klub_id":"5","data_urodzenia":"1969-03-17"},{"id":"331","imie_pierwsze":"Halina","imie_drugie":"Halina","nazwisko":"Rozpondek","plec":"K","klub_id":"1","data_urodzenia":"1950-05-25"},{"id":"332","imie_pierwsze":"Jaros\u0142aw","imie_drugie":"Jaros\u0142aw","nazwisko":"Rusiecki","plec":"M","klub_id":"2","data_urodzenia":"1961-07-20"},{"id":"333","imie_pierwsze":"Dorota","imie_drugie":"Dorota","nazwisko":"Rutkowska","plec":"K","klub_id":"1","data_urodzenia":"1962-01-24"},{"id":"334","imie_pierwsze":"Jakub","imie_drugie":"Jakub","nazwisko":"Rutnicki","plec":"M","klub_id":"1","data_urodzenia":"1978-12-03"},{"id":"335","imie_pierwsze":"Adam","imie_drugie":"Adam","nazwisko":"Rybakowicz","plec":"M","klub_id":"5","data_urodzenia":"1984-04-04"},{"id":"336","imie_pierwsze":"S\u0142awomir","imie_drugie":"S\u0142awomir","nazwisko":"Rybicki","plec":"M","klub_id":"1","data_urodzenia":"1960-06-23"},{"id":"337","imie_pierwsze":"Armand","imie_drugie":"Armand","nazwisko":"Ryfi\u0144ski","plec":"M","klub_id":"5","data_urodzenia":"1974-11-29"},{"id":"338","imie_pierwsze":"Zbigniew","imie_drugie":"Zbigniew","nazwisko":"Rynasiewicz","plec":"M","klub_id":"1","data_urodzenia":"1963-10-04"},{"id":"339","imie_pierwsze":"Marek","imie_drugie":"Marek","nazwisko":"Rz\u0105sa","plec":"M","klub_id":"1","data_urodzenia":"1957-10-04"},{"id":"340","imie_pierwsze":"Bogdan","imie_drugie":"Bogdan","nazwisko":"Rzo\u0144ca","plec":"M","klub_id":"2","data_urodzenia":"1961-02-01"},{"id":"341","imie_pierwsze":"Ma\u0142gorzata","imie_drugie":"Ma\u0142gorzata","nazwisko":"Sadurska","plec":"K","klub_id":"2","data_urodzenia":"1975-12-03"},{"id":"342","imie_pierwsze":"Pawe\u0142","imie_drugie":"Pawe\u0142","nazwisko":"Sajak","plec":"M","klub_id":"5","data_urodzenia":"1977-12-22"},{"id":"343","imie_pierwsze":"Wojciech","imie_drugie":"Wojciech","nazwisko":"Sa\u0142uga","plec":"M","klub_id":"1","data_urodzenia":"1969-03-27"},{"id":"344","imie_pierwsze":"Jacek","imie_drugie":"Jacek","nazwisko":"Sasin","plec":"M","klub_id":"2","data_urodzenia":"1969-11-06"},{"id":"345","imie_pierwsze":"Marek","imie_drugie":"Marek","nazwisko":"Sawicki","plec":"M","klub_id":"3","data_urodzenia":"1958-04-08"},{"id":"346","imie_pierwsze":"Grzegorz","imie_drugie":"Grzegorz","nazwisko":"Schetyna","plec":"M","klub_id":"1","data_urodzenia":"1963-02-18"},{"id":"347","imie_pierwsze":"Grzegorz","imie_drugie":"Grzegorz","nazwisko":"Schreiber","plec":"M","klub_id":"2","data_urodzenia":"1961-02-14"},{"id":"348","imie_pierwsze":"Ma\u0142gorzata","imie_drugie":"Ma\u0142gorzata","nazwisko":"Seku\u0142a-Szmajdzi\u0144ska","plec":"K","klub_id":"4","data_urodzenia":"1956-04-19"},{"id":"349","imie_pierwsze":"Dariusz","imie_drugie":"Dariusz","nazwisko":"Seliga","plec":"M","klub_id":"2","data_urodzenia":"1969-04-10"},{"id":"350","imie_pierwsze":"Jaros\u0142aw","imie_drugie":"Jaros\u0142aw","nazwisko":"Sellin","plec":"M","klub_id":"2","data_urodzenia":"1963-05-01"},{"id":"351","imie_pierwsze":"Edward","imie_drugie":"Edward","nazwisko":"Siarka","plec":"M","klub_id":"6","data_urodzenia":"1963-07-07"},{"id":"352","imie_pierwsze":"Krystyna","imie_drugie":"Krystyna","nazwisko":"Sibi\u0144ska","plec":"K","klub_id":"1","data_urodzenia":"1962-06-12"},{"id":"353","imie_pierwsze":"Henryk","imie_drugie":"Henryk","nazwisko":"Siedlaczek","plec":"M","klub_id":"1","data_urodzenia":"1956-01-30"},{"id":"354","imie_pierwsze":"Rados\u0142aw","imie_drugie":"Rados\u0142aw","nazwisko":"Sikorski","plec":"M","klub_id":"1","data_urodzenia":"1963-02-23"},{"id":"355","imie_pierwsze":"Krystyna","imie_drugie":"Krystyna","nazwisko":"Skowro\u0144ska","plec":"K","klub_id":"1","data_urodzenia":"1954-07-22"},{"id":"356","imie_pierwsze":"Bo\u017cena","imie_drugie":"Bo\u017cena","nazwisko":"S\u0142awiak","plec":"K","klub_id":"1","data_urodzenia":"1948-05-28"},{"id":"357","imie_pierwsze":"Waldemar","imie_drugie":"Waldemar","nazwisko":"S\u0142ugocki","plec":"M","klub_id":"1","data_urodzenia":"1971-09-09"},{"id":"358","imie_pierwsze":"Henryk","imie_drugie":"Henryk","nazwisko":"Smolarz","plec":"M","klub_id":"3","data_urodzenia":"1969-09-03"},{"id":"359","imie_pierwsze":"Tomasz","imie_drugie":"Tomasz","nazwisko":"Smolarz","plec":"M","klub_id":"1","data_urodzenia":"1966-08-06"},{"id":"360","imie_pierwsze":"Anna","imie_drugie":"Anna","nazwisko":"Sobecka","plec":"K","klub_id":"2","data_urodzenia":"1951-03-27"},{"id":"361","imie_pierwsze":"Zbigniew","imie_drugie":"Zbigniew","nazwisko":"Sosnowski","plec":"M","klub_id":"3","data_urodzenia":"1963-12-10"},{"id":"362","imie_pierwsze":"Lech","imie_drugie":"Lech","nazwisko":"Sprawka","plec":"M","klub_id":"2","data_urodzenia":"1955-08-09"},{"id":"363","imie_pierwsze":"Lidia","imie_drugie":"Lidia","nazwisko":"Staro\u0144","plec":"K","klub_id":"1","data_urodzenia":"1960-06-07"},{"id":"364","imie_pierwsze":"Franciszek","imie_drugie":"Franciszek","nazwisko":"Stefaniuk","plec":"M","klub_id":"3","data_urodzenia":"1944-06-04"},{"id":"365","imie_pierwsze":"Marek","imie_drugie":"Marek","nazwisko":"Stolarski","plec":"M","klub_id":"5","data_urodzenia":"1963-03-04"},{"id":"366","imie_pierwsze":"Stefan","imie_drugie":"Stefan","nazwisko":"Strza\u0142kowski","plec":"M","klub_id":"2","data_urodzenia":"1957-08-31"},{"id":"367","imie_pierwsze":"Wies\u0142aw","imie_drugie":"Wies\u0142aw","nazwisko":"Suchowiejko","plec":"M","klub_id":"1","data_urodzenia":"1957-05-15"},{"id":"368","imie_pierwsze":"Marek","imie_drugie":"Marek","nazwisko":"Suski","plec":"M","klub_id":"2","data_urodzenia":"1958-06-11"},{"id":"369","imie_pierwsze":"Pawe\u0142","imie_drugie":"Pawe\u0142","nazwisko":"Suski","plec":"M","klub_id":"1","data_urodzenia":"1964-06-10"},{"id":"370","imie_pierwsze":"Miron","imie_drugie":"Miron","nazwisko":"Sycz","plec":"M","klub_id":"1","data_urodzenia":"1960-01-03"},{"id":"371","imie_pierwsze":"Pawe\u0142","imie_drugie":"Pawe\u0142","nazwisko":"Sza\u0142amacha","plec":"M","klub_id":"2","data_urodzenia":"1969-01-24"},{"id":"372","imie_pierwsze":"Wojciech","imie_drugie":"Wojciech","nazwisko":"Szarama","plec":"M","klub_id":"2","data_urodzenia":"1955-12-16"},{"id":"373","imie_pierwsze":"Micha\u0142","imie_drugie":"Micha\u0142","nazwisko":"Szczerba","plec":"M","klub_id":"1","data_urodzenia":"1977-12-14"},{"id":"374","imie_pierwsze":"Krzysztof","imie_drugie":"Krzysztof","nazwisko":"Szczerski","plec":"M","klub_id":"2","data_urodzenia":"1973-04-15"},{"id":"375","imie_pierwsze":"Jolanta","imie_drugie":"Jolanta","nazwisko":"Szczypi\u0144ska","plec":"K","klub_id":"2","data_urodzenia":"1957-06-24"},{"id":"376","imie_pierwsze":"Adam","imie_drugie":"Adam","nazwisko":"Szejnfeld","plec":"M","klub_id":"1","data_urodzenia":"1958-11-13"},{"id":"377","imie_pierwsze":"Piotr","imie_drugie":"Piotr","nazwisko":"Szeliga","plec":"M","klub_id":"6","data_urodzenia":"1977-10-12"},{"id":"378","imie_pierwsze":"Andrzej","imie_drugie":"Andrzej","nazwisko":"Szlachta","plec":"M","klub_id":"2","data_urodzenia":"1947-01-19"},{"id":"379","imie_pierwsze":"Jerzy","imie_drugie":"Jerzy","nazwisko":"Szmit","plec":"M","klub_id":"2","data_urodzenia":"1960-09-08"},{"id":"380","imie_pierwsze":"Grzegorz","imie_drugie":"Grzegorz","nazwisko":"Sztolcman","plec":"M","klub_id":"1","data_urodzenia":"1962-05-23"},{"id":"381","imie_pierwsze":"Andrzej","imie_drugie":"Andrzej","nazwisko":"Sztorc","plec":"M","klub_id":"3","data_urodzenia":"1953-08-09"},{"id":"382","imie_pierwsze":"Jakub","imie_drugie":"Jakub","nazwisko":"Szulc","plec":"M","klub_id":"1","data_urodzenia":"1973-12-21"},{"id":"383","imie_pierwsze":"Krystyna","imie_drugie":"Krystyna","nazwisko":"Szumilas","plec":"K","klub_id":"1","data_urodzenia":"1956-06-28"},{"id":"384","imie_pierwsze":"Stanis\u0142aw","imie_drugie":"Stanis\u0142aw","nazwisko":"Szwed","plec":"M","klub_id":"2","data_urodzenia":"1955-04-12"},{"id":"385","imie_pierwsze":"Beata","imie_drugie":"Beata","nazwisko":"Szyd\u0142o","plec":"K","klub_id":"2","data_urodzenia":"1963-04-15"},{"id":"386","imie_pierwsze":"Bo\u017cena","imie_drugie":"Bo\u017cena","nazwisko":"Szyd\u0142owska","plec":"K","klub_id":"1","data_urodzenia":"1951-04-11"},{"id":"387","imie_pierwsze":"Tomasz","imie_drugie":"Tomasz","nazwisko":"Szyma\u0144ski","plec":"M","klub_id":"1","data_urodzenia":"1978-04-24"},{"id":"388","imie_pierwsze":"Halina","imie_drugie":"Halina","nazwisko":"Szymiec-Raczy\u0144ska","plec":"K","klub_id":"5","data_urodzenia":"1949-04-14"},{"id":"389","imie_pierwsze":"Jan","imie_drugie":"Jan","nazwisko":"Szyszko","plec":"M","klub_id":"2","data_urodzenia":"1944-04-19"},{"id":"390","imie_pierwsze":"Iwona","imie_drugie":"Iwona","nazwisko":"\u015aledzi\u0144ska-Katarasi\u0144ska","plec":"K","klub_id":"1","data_urodzenia":"1941-01-03"},{"id":"391","imie_pierwsze":"Janusz","imie_drugie":"Janusz","nazwisko":"\u015aniadek","plec":"M","klub_id":"2","data_urodzenia":"1955-05-26"},{"id":"392","imie_pierwsze":"Jacek","imie_drugie":"Jacek","nazwisko":"\u015awiat","plec":"M","klub_id":"2","data_urodzenia":"1955-12-16"},{"id":"393","imie_pierwsze":"Marcin","imie_drugie":"Marcin","nazwisko":"\u015awi\u0119cicki","plec":"M","klub_id":"1","data_urodzenia":"1947-04-17"},{"id":"394","imie_pierwsze":"Krzysztof","imie_drugie":"Krzysztof","nazwisko":"Tch\u00f3rzewski","plec":"M","klub_id":"2","data_urodzenia":"1950-05-19"},{"id":"395","imie_pierwsze":"Robert","imie_drugie":"Robert","nazwisko":"Telus","plec":"M","klub_id":"2","data_urodzenia":"1969-04-18"},{"id":"396","imie_pierwsze":"Ryszard","imie_drugie":"Ryszard","nazwisko":"Terlecki","plec":"M","klub_id":"2","data_urodzenia":"1949-09-02"},{"id":"397","imie_pierwsze":"Grzegorz","imie_drugie":"Grzegorz","nazwisko":"Tobiszowski","plec":"M","klub_id":"2","data_urodzenia":"1965-11-01"},{"id":"398","imie_pierwsze":"Genowefa","imie_drugie":"Genowefa","nazwisko":"Tokarska","plec":"K","klub_id":"3","data_urodzenia":"1949-08-05"},{"id":"399","imie_pierwsze":"Piotr","imie_drugie":"Piotr","nazwisko":"Toma\u0144ski","plec":"M","klub_id":"1","data_urodzenia":"1969-06-25"},{"id":"400","imie_pierwsze":"Jan","imie_drugie":"Jan","nazwisko":"Tomaszewski","plec":"M","klub_id":"2","data_urodzenia":"1948-01-09"},{"id":"401","imie_pierwsze":"Tadeusz","imie_drugie":"Tadeusz","nazwisko":"Tomaszewski","plec":"M","klub_id":"4","data_urodzenia":"1959-02-21"},{"id":"402","imie_pierwsze":"Jacek","imie_drugie":"Jacek","nazwisko":"Tomczak","plec":"M","klub_id":"1","data_urodzenia":"1973-07-27"},{"id":"403","imie_pierwsze":"Cezary","imie_drugie":"Cezary","nazwisko":"Tomczyk","plec":"M","klub_id":"1","data_urodzenia":"1984-08-25"},{"id":"404","imie_pierwsze":"Tomasz","imie_drugie":"Tomasz","nazwisko":"Tomczykiewicz","plec":"M","klub_id":"1","data_urodzenia":"1961-03-02"},{"id":"405","imie_pierwsze":"Aleksandra","imie_drugie":"Aleksandra","nazwisko":"Trybu\u015b","plec":"K","klub_id":"1","data_urodzenia":"1967-06-23"},{"id":"406","imie_pierwsze":"Donald","imie_drugie":"Donald","nazwisko":"Tusk","plec":"M","klub_id":"1","data_urodzenia":"1957-04-22"},{"id":"407","imie_pierwsze":"Robert","imie_drugie":"Robert","nazwisko":"Tyszkiewicz","plec":"M","klub_id":"1","data_urodzenia":"1963-06-07"},{"id":"408","imie_pierwsze":"Kazimierz","imie_drugie":"Kazimierz","nazwisko":"Ujazdowski","plec":"M","klub_id":"2","data_urodzenia":"1964-07-28"},{"id":"409","imie_pierwsze":"Piotr","imie_drugie":"Piotr","nazwisko":"Van Der Coghen","plec":"M","klub_id":"1","data_urodzenia":"1953-02-23"},{"id":"410","imie_pierwsze":"Jan","imie_drugie":"Jan","nazwisko":"Vincent-Rostowski","plec":"M","klub_id":"1","data_urodzenia":"1951-04-30"},{"id":"411","imie_pierwsze":"Piotr","imie_drugie":"Piotr","nazwisko":"Walkowski","plec":"M","klub_id":"3","data_urodzenia":"1963-11-16"},{"id":"412","imie_pierwsze":"Robert","imie_drugie":"Robert","nazwisko":"Wardza\u0142a","plec":"M","klub_id":"1","data_urodzenia":"1975-10-12"},{"id":"413","imie_pierwsze":"Jan","imie_drugie":"Jan","nazwisko":"Warzecha","plec":"M","klub_id":"2","data_urodzenia":"1959-04-21"},{"id":"414","imie_pierwsze":"Witold","imie_drugie":"Witold","nazwisko":"Waszczykowski","plec":"M","klub_id":"2","data_urodzenia":"1957-05-05"},{"id":"415","imie_pierwsze":"Jerzy","imie_drugie":"Jerzy","nazwisko":"Wenderlich","plec":"M","klub_id":"4","data_urodzenia":"1954-04-22"},{"id":"416","imie_pierwsze":"Monika","imie_drugie":"Monika","nazwisko":"Wielichowska","plec":"K","klub_id":"1","data_urodzenia":"1973-10-04"},{"id":"417","imie_pierwsze":"Przemys\u0142aw","imie_drugie":"Przemys\u0142aw","nazwisko":"Wipler","plec":"M","klub_id":"2","data_urodzenia":"1978-07-15"},{"id":"418","imie_pierwsze":"Jadwiga","imie_drugie":"Jadwiga","nazwisko":"Wi\u015bniewska","plec":"K","klub_id":"2","data_urodzenia":"1963-07-02"},{"id":"419","imie_pierwsze":"Mariusz","imie_drugie":"Mariusz","nazwisko":"Witczak","plec":"M","klub_id":"1","data_urodzenia":"1971-04-14"},{"id":"420","imie_pierwsze":"El\u017cbieta","imie_drugie":"El\u017cbieta","nazwisko":"Witek","plec":"K","klub_id":"2","data_urodzenia":"1957-12-17"},{"id":"421","imie_pierwsze":"Marcin","imie_drugie":"Marcin","nazwisko":"Witko","plec":"M","klub_id":"2","data_urodzenia":"1971-07-23"},{"id":"422","imie_pierwsze":"Rados\u0142aw","imie_drugie":"Rados\u0142aw","nazwisko":"Witkowski","plec":"M","klub_id":"1","data_urodzenia":"1974-06-04"},{"id":"423","imie_pierwsze":"Zbigniew","imie_drugie":"Zbigniew","nazwisko":"W\u0142odkowski","plec":"M","klub_id":"3","data_urodzenia":"1961-04-30"},{"id":"424","imie_pierwsze":"Norbert","imie_drugie":"Norbert","nazwisko":"Wojnarowski","plec":"M","klub_id":"1","data_urodzenia":"1976-11-12"},{"id":"425","imie_pierwsze":"Micha\u0142","imie_drugie":"Micha\u0142","nazwisko":"Wojtkiewicz","plec":"M","klub_id":"2","data_urodzenia":"1946-06-24"},{"id":"426","imie_pierwsze":"Marek","imie_drugie":"Marek","nazwisko":"Wojtkowski","plec":"M","klub_id":"1","data_urodzenia":"1968-02-26"},{"id":"427","imie_pierwsze":"Ewa","imie_drugie":"Ewa","nazwisko":"Wolak","plec":"K","klub_id":"1","data_urodzenia":"1960-06-01"},{"id":"428","imie_pierwsze":"Bogus\u0142aw","imie_drugie":"Bogus\u0142aw","nazwisko":"Wontor","plec":"M","klub_id":"4","data_urodzenia":"1967-09-29"},{"id":"429","imie_pierwsze":"Grzegorz","imie_drugie":"Grzegorz","nazwisko":"Wo\u017aniak","plec":"M","klub_id":"2","data_urodzenia":"1968-12-18"},{"id":"430","imie_pierwsze":"Tadeusz","imie_drugie":"Tadeusz","nazwisko":"Wo\u017aniak","plec":"M","klub_id":"6","data_urodzenia":"1960-01-15"},{"id":"431","imie_pierwsze":"Marek","imie_drugie":"Marek","nazwisko":"W\u00f3jcik","plec":"M","klub_id":"1","data_urodzenia":"1980-03-24"},{"id":"432","imie_pierwsze":"Marzena","imie_drugie":"Marzena","nazwisko":"Wr\u00f3bel","plec":"K","klub_id":"6","data_urodzenia":"1963-10-15"},{"id":"433","imie_pierwsze":"Maciej","imie_drugie":"Maciej","nazwisko":"Wydrzy\u0144ski","plec":"M","klub_id":"5","data_urodzenia":"1974-12-15"},{"id":"434","imie_pierwsze":"Stanis\u0142aw","imie_drugie":"Stanis\u0142aw","nazwisko":"Wzi\u0105tek","plec":"M","klub_id":"4","data_urodzenia":"1959-11-13"},{"id":"435","imie_pierwsze":"Zbyszek","imie_drugie":"Zbyszek","nazwisko":"Zaborowski","plec":"M","klub_id":"4","data_urodzenia":"1958-02-26"},{"id":"436","imie_pierwsze":"Jadwiga","imie_drugie":"Jadwiga","nazwisko":"Zakrzewska","plec":"K","klub_id":"1","data_urodzenia":"1950-11-04"},{"id":"437","imie_pierwsze":"Anna","imie_drugie":"Anna","nazwisko":"Zalewska","plec":"K","klub_id":"2","data_urodzenia":"1965-07-06"},{"id":"438","imie_pierwsze":"Renata","imie_drugie":"Renata","nazwisko":"Zaremba","plec":"K","klub_id":"1","data_urodzenia":"1967-06-11"},{"id":"439","imie_pierwsze":"Ryszard","imie_drugie":"Ryszard","nazwisko":"Zawadzki","plec":"M","klub_id":"1","data_urodzenia":"1951-08-24"},{"id":"440","imie_pierwsze":"S\u0142awomir","imie_drugie":"S\u0142awomir","nazwisko":"Zawi\u015blak","plec":"M","klub_id":"2","data_urodzenia":"1963-06-09"},{"id":"441","imie_pierwsze":"\u0141ukasz","imie_drugie":"\u0141ukasz","nazwisko":"Zbonikowski","plec":"M","klub_id":"2","data_urodzenia":"1978-02-20"},{"id":"442","imie_pierwsze":"Ryszard","imie_drugie":"Ryszard","nazwisko":"Zbrzyzny","plec":"M","klub_id":"4","data_urodzenia":"1955-05-04"},{"id":"443","imie_pierwsze":"Bogdan","imie_drugie":"Bogdan","nazwisko":"Zdrojewski","plec":"M","klub_id":"1","data_urodzenia":"1957-05-18"},{"id":"444","imie_pierwsze":"Piotr","imie_drugie":"Piotr","nazwisko":"Zgorzelski","plec":"M","klub_id":"3","data_urodzenia":"1963-09-17"},{"id":"445","imie_pierwsze":"Jaros\u0142aw","imie_drugie":"Jaros\u0142aw","nazwisko":"Zieli\u0144ski","plec":"M","klub_id":"2","data_urodzenia":"1960-09-20"},{"id":"446","imie_pierwsze":"Maciej","imie_drugie":"Maciej","nazwisko":"Zieli\u0144ski","plec":"M","klub_id":"1","data_urodzenia":"1971-01-05"},{"id":"447","imie_pierwsze":"Wojciech","imie_drugie":"Wojciech","nazwisko":"Ziemniak","plec":"M","klub_id":"1","data_urodzenia":"1956-03-25"},{"id":"448","imie_pierwsze":"Jerzy","imie_drugie":"Jerzy","nazwisko":"Zi\u0119tek","plec":"M","klub_id":"1","data_urodzenia":"1956-12-01"},{"id":"449","imie_pierwsze":"Jan","imie_drugie":"Jan","nazwisko":"Ziobro","plec":"M","klub_id":"6","data_urodzenia":"1989-09-04"},{"id":"450","imie_pierwsze":"Kazimierz","imie_drugie":"Kazimierz","nazwisko":"Ziobro","plec":"M","klub_id":"6","data_urodzenia":"1949-07-12"},{"id":"451","imie_pierwsze":"Kosma","imie_drugie":"Kosma","nazwisko":"Z\u0142otowski","plec":"M","klub_id":"2","data_urodzenia":"1964-01-14"},{"id":"452","imie_pierwsze":"Maria","imie_drugie":"Maria","nazwisko":"Zuba","plec":"K","klub_id":"2","data_urodzenia":"1951-04-06"},{"id":"453","imie_pierwsze":"Wojciech","imie_drugie":"Wojciech","nazwisko":"Zubowski","plec":"M","klub_id":"2","data_urodzenia":"1979-11-12"},{"id":"454","imie_pierwsze":"J\u00f3zef","imie_drugie":"J\u00f3zef","nazwisko":"Zych","plec":"M","klub_id":"3","data_urodzenia":"1938-03-23"},{"id":"455","imie_pierwsze":"Jaros\u0142aw","imie_drugie":"Jaros\u0142aw","nazwisko":"\u017baczek","plec":"M","klub_id":"6","data_urodzenia":"1967-05-14"},{"id":"456","imie_pierwsze":"Jacek","imie_drugie":"Jacek","nazwisko":"\u017balek","plec":"M","klub_id":"1","data_urodzenia":"1973-01-13"},{"id":"457","imie_pierwsze":"Stanis\u0142aw","imie_drugie":"Stanis\u0142aw","nazwisko":"\u017belichowski","plec":"M","klub_id":"3","data_urodzenia":"1944-04-09"},{"id":"458","imie_pierwsze":"Stanis\u0142aw","imie_drugie":"Stanis\u0142aw","nazwisko":"\u017bmijan","plec":"M","klub_id":"1","data_urodzenia":"1956-12-13"},{"id":"459","imie_pierwsze":"Ewa","imie_drugie":"Ewa","nazwisko":"\u017bmuda - Trzebiatowska","plec":"K","klub_id":"1","data_urodzenia":"1956-09-08"},{"id":"1125","imie_pierwsze":"Adam","imie_drugie":"Adam","nazwisko":"","plec":"M","klub_id":"1","data_urodzenia":"1958-02-10"},{"id":"460","imie_pierwsze":"Jerzy","imie_drugie":"Jerzy","nazwisko":"\u017by\u017cy\u0144ski","plec":"M","klub_id":"2","data_urodzenia":"1949-08-06"}]